1,Opal Singleton
2,Landyn McCoy
3,Mckenzie Guerra
4,Leland Larson
5,Alayna Acevedo
6,Dakari Ramirez
7,Grace Clayton
8,Boston O’Neal
9,Treasure Boyle
10,Robin Vo
11,Artemis Chambers
12,Orion Lara
13,Heidi Murillo
14,Lance Howe
15,Persephone Farrell
16,Ty McCann
17,Joyce Herring
18,Henrik Yu
19,Navy Sanchez
20,Joseph Travis
21,Mazikee Bentley
22,Randy Lowery
23,Estelle Peck
24,Yousef Gentry
25,Amelie Dejesus
26,Rio Atkinson
27,Jazmin George
28,Mark Doyle
29,Annalise Lynch
30,Zane Francis
31,Daniella Martin
32,Mateo Vu
33,Kimora Bailey
34,Axel Howe
35,Persephone Walters
36,Colson Person
37,Dylan McConnell
38,London Sosa
39,Cassandra Santana
40,Mohamed Salinas
41,Royalty Wiley
42,Mathew Ferguson
43,Juliana Owens
44,Adriel Bean
45,Jenesis Dennis
46,Emanuel Nava
47,Scout Hardin
48,Hassan Nunez
49,Mya Nelson
50,Dylan Pena
51,Rachel Rowe
52,Kamden Skinner
53,Mara Ayala
54,Tanner Barajas
55,Keilani Gilmore
56,Vihaan Mason
57,Sienna Richmond
58,Mordechai Goodwin
59,Shiloh Weiss
60,Koa Perry
61,Clara Massey
62,Donald Fisher
63,Arya Guerra
64,Leland Hale
65,Brinley McKenzie
66,Scott Fowler
67,Lennon Frye
68,Franco McCoy
69,Mckenzie Day
70,Kayson Hoffman
71,Aspen Bradley
72,Richard Fry
73,Clarissa Massey
74,Donald Good
75,Nathalia Skinner
76,Ridge Lopez
77,Gianna Carroll
78,Oscar McCarty
79,Halo Delarosa
80,Osiris Nash
81,Novah McGee
82,Conner Vasquez
83,Rose Bond
84,Roger McLean
85,Sky Conway
86,Orlando Glass
87,Clare White
88,Aiden Wood
89,Natalia Fletcher
90,Jay Rivera
91,Lillian Andersen
92,Alistair Webb
93,Ariella Steele
94,Elian Duncan
95,Elise Payne
96,Edward Costa
97,Robin Sharp
98,Royce Douglas
99,Aniyah Bryant
100,Jonah Boone
101,Mariam Blackwell
102,Marcellus York
103,Milan Petersen
104,Samson Hobbs
105,Lacey Shepherd
106,Ronald Mueller
107,Imani Frank
108,Braylen Schwartz
109,Lilliana Francis
110,Harvey Sheppard
111,Veda Boyle
112,Robin Wheeler
113,Sydney Petersen
114,Samson Dunn
115,Olive Vazquez
116,Jesse Harmon
117,Maren Daniel
118,Grady Dorsey
119,Addyson Mayer
120,Yahir Holt
121,Adelynn Villarreal
122,Nikolai Rodgers
123,Selah Montes
124,Darren Felix
125,Paisleigh Parra
126,Davion Fuller
127,Oakley Vaughn
128,Remy Perry
129,Clara Hester
130,Rene Garrett
131,Tessa Benton
132,Jamal Cabrera
133,Daleyza Andersen
134,Alistair Schneider
135,Delaney Conley
136,Marvin Carr
137,Rowan Dixon
138,Camden Welch
139,Amira Gregory
140,Travis Portillo
141,Nathalie Evans
142,Elias Ramirez
143,Grace Murillo
144,Lance Huber
145,Raquel Little
146,Lennox Contreras
147,Daniela Novak
148,Bishop Hancock
149,Katelyn Hubbard
150,Forrest Pruitt
151,Brylee Sanders
152,Jose Dyer
153,Estrella Dougherty
154,Brett Carter
155,Lucy Owens
156,Adriel Wilkinson
157,Siena Atkinson
158,Duke Castro
159,Eloise Bryant
160,Jonah Cisneros
161,Janelle Newton
162,Santino Bernard
163,Barbara Horn
164,Wilson Rollins
165,Araceli Noble
166,Idris Dorsey
167,Addyson Stafford
168,Alfredo Acevedo
169,Ashlynn Sanchez
170,Joseph Beltran
171,Kaydence Gould
172,Blaine Delacruz
173,Celine Contreras
174,Emilio Ross
175,Peyton Marks
176,Amos Villanueva
177,Monroe Guerra
178,Leland Giles
179,Bailee Terrell
180,Jaxen Dunn
181,Olive Maxwell
182,Eden Dillon
183,Laurel Moreno
184,Myles Michael
185,Aubriella Beard
186,Nathanael Navarro
187,Winter Li
188,Jorge Daniel
189,Joy Maldonado
190,Javier Vance
191,Maxine Marshall
192,Kaiden Moody
193,Elaine Baxter
194,Tomas Howard
195,Sophie Mora
196,Arturo Townsend
197,Azalea Hancock
198,Rex Cameron
199,Julie Ferguson
200,Miguel Cannon
201,Noa Hoover
202,Jaziel Hail
203,Lainey Dunn
204,Dawson Benjamin
205,Jianna Giles
206,Kole Shepherd
207,Katalina Sweeney
208,Nixon Bradley
209,Vanessa Trejo
210,Wesson Palmer
211,Juniper Mejia
212,Atticus Cortes
213,Lea Barnett
214,Stephen Collier
215,Ivory Clements
216,Fisher Chandler
217,Viviana McConnell
218,London Wells
219,Cecilia Shepherd
220,Ronald Soto
221,Brynlee O’Donnell
222,Lian Sanders
223,Everleigh Hopkins
224,Ali Murray
225,Faith Nolan
226,Maximo Bradshaw
227,Berkley Diaz
228,Nathan Dickerson
229,Opal Curry
230,Briggs Whitney
231,Madalynn Peralta
232,Dangelo McLaughlin
233,Stephanie Ho
234,Morgan Cobb
235,Aviana Skinner
236,Ridge Bender
237,Lilyana Alvarado
238,Andres Coleman
239,Julia Baker
240,Ezra Knight
241,Gracie Campos
242,Gideon Lin
243,Makenna Benjamin
244,Kyro Felix
245,Paisleigh Huber
246,Mac Porter
247,Ryleigh Welch
248,Hendrix Dorsey
249,Addyson Zhang
250,Isaias Bush
251,Everlee Adams
252,Hudson Lindsey
253,Colette Orozco
254,Keanu Wyatt
255,Liberty Barr
256,Harley Meadows
257,Pearl Stanton
258,Zyair Shepard
259,Noor Velazquez
260,Drew Sheppard
261,Veda Kelley
262,Eric Curry
263,Alison Tran
264,Braxton Wong
265,Adelaide Owens
266,Adriel Casey
267,Sylvia Schneider
268,Raymond Harper
269,Ana Grant
270,Leon O’brien
271,Joanna Huynh
272,Layton Patton
273,Lorelei Frazier
274,Callum McCarty
275,Halo Hines
276,Uriel Owens
277,Amaya Wright
278,Grayson Pollard
279,Marisol Page
280,Pablo Stuart
281,Stormi Mendez
282,Arthur Roy
283,Savanna Cameron
284,Rayan Bowers
285,Elisa Molina
286,Prince Craig
287,Brynn Bailey
288,Axel Nielsen
289,Vienna Spears
290,Ameer Villa
291,Johanna Rodriguez
292,Henry Underwood
293,Ensley Griffith
294,Franklin Berry
295,Annabelle Sims
296,Brian Bell
297,Melody Grant
298,Leon Newman
299,Oaklynn Blevins
300,Avi Powell
301,Vivian Vega
302,Aidan Castro
303,Eloise Cortes
304,Banks Valencia
305,Maddison Pham
306,Russell Estes
307,Brittany Haynes
308,Kason Gallagher
309,Elliott Frost
310,Dario Horne
311,Marlowe Ross
312,Wesley Stout
313,Chana Brock
314,Julio Harrell
315,Kara Higgins
316,Sterling Bernal
317,Emmeline Jordan
318,Sawyer Thomas
319,Elizabeth Garcia
320,James Ryan
321,Morgan Wheeler
322,Kenneth Frazier
323,Octavia Sanders
324,Jose Quintana
325,Kenia Woodard
326,Westley Koch
327,Milana Schmitt
328,Murphy Newton
329,Braelynn Vang
330,Jimmy Banks
331,Cali West
332,Diego Medina
333,Elliana Sharp
334,Royce Benitez
335,Aliza Kirk
336,Alessandro O’Connell
337,Jillian Pena
338,Marcus Fleming
339,Fatima Ellison
340,Kye Hawkins
341,Ariel Kim
342,Roman Patterson
343,Kaylee Fleming
344,Fernando Harris
345,Penelope Cervantes
346,Kamari Boyer
347,Chaya Wang
348,Cohen Yoder
349,Emerie Cunningham
350,Alejandro Price
351,Piper Rivers
352,Bear Rasmussen
353,Esperanza Huffman
354,Chris Skinner
355,Mara Silva
356,Luka Donaldson
357,Natasha Arroyo
358,Alberto Cabrera
359,Daleyza Crawford
360,Kevin Murillo
361,Mikaela Reyes
362,Eli David
363,Haylee McCarthy
364,Devin Beck
365,Gia Savage
366,Keaton McFarland
367,Annika Love
368,Jeffrey Medina
369,Elliana Barajas
370,Brennan Drake
371,Jayleen Cardenas
372,Johnathan Livingston
373,Milena Mendoza
374,Dominic Hodges
375,Eve Booker
376,Dominik Huber
377,Raquel Villarreal
378,Nikolai Bruce
379,Marilyn Luna
380,Erick Foley
381,Zaylee Chen
382,Emmanuel Riley
383,Kayla Little
384,Lennox Bravo
385,Amoura Xiong
386,Azrael Hebert
387,Kyleigh Salazar
388,Brody Arnold
389,Finley Soto
390,Barrett Velez
391,Megan Best
392,Harlem Valencia
393,Maddison Buck
394,Jon Everett
395,Noah Randall
396,Trenton Dodson
397,Etta McDowell
398,Lachlan Christensen
399,Carmen Stone
400,Finn Alvarez
401,Leilani Atkinson
402,Duke Shelton
403,Makenzie Compton
404,Abner Castro
405,Eloise Lam
406,Bodie Petersen
407,Fernanda Mack
408,Esteban Hood
409,Briana Lang
410,Wells Peters
411,Leila Kirk
412,Alessandro Deleon
413,Gabrielle Schultz
414,Cody Klein
415,Elianna Gonzalez
416,Ethan Davila
417,Rayne Crosby
418,Tristen Frederick
419,Sariyah Combs
420,Ahmad Pearson
421,Kiara Kirby
422,Tony Dominguez
423,Raegan Zuniga
424,Sincere Hicks
425,Alina Stafford
426,Alfredo Petersen
427,Fernanda Dennis
428,Emanuel Chase
429,Angie Lane
430,Matias French
431,Lorelai Jennings
432,Corbin Marks
433,Monica Molina
434,Prince Alvarado
435,Blake House
436,Yehuda Hickman
437,Scarlette Ruiz
438,Austin Arellano
439,Faye Lucas
440,Chance Hurley
441,Rylan Jaramillo
442,Riggs Yoder
443,Emerie Conway
444,Orlando Lawrence
445,Lauren Glenn
446,Zaid Parsons
447,Maia Landry
448,Jaxx Gordon
449,Taylor Singleton
450,Landyn Case
451,Cleo Fitzgerald
452,Peyton Lane
453,Amy Church
454,Terrance Buckley
455,Theodora Owen
456,Cannon Morrow
457,Reyna Hampton
458,Hank Rose
459,Magnolia Hardy
460,Jayceon Lam
461,Karina Hahn
462,Kabir Ellis
463,Ayla Dominguez
464,Kaden Bryant
465,Parker Goodwin
466,Kaison Osborne
467,Shelby Jennings
468,Corbin Tate
469,Skye Yates
470,Braylon Figueroa
471,Lilith Hammond
472,Francis Gentry
473,Amelie Yoder
474,Johan Alfaro
475,Yasmin Moore
476,Levi Hurst
477,Adalee Martin
478,Mateo Burns
479,Emerson Bass
480,Landen Lopez
481,Gianna Morrison
482,Maximus Luna
483,Journey Maynard
484,Landry Richard
485,Davina Baxter
486,Tomas Weiss
487,Lennox Stokes
488,Santana Floyd
489,Yaretzi Brock
490,Julio Dawson
491,Veronica Delgado
492,Colt Navarro
493,Winter Gray
494,Nicholas Ferguson
495,Juliana Humphrey
496,Krew Shepherd
497,Katalina Middleton
498,Misael May
499,Adriana Liu
500,Pedro Andersen
501,Zoie Greer
502,Koda Bridges
503,Elora McKinney
504,Romeo Thompson
505,Madison Merritt
506,Colten Ingram
507,Katie Tanner
508,Bruno Wagner
509,Maeve Dalton
510,Fletcher Watson
511,Hailey Morris
512,Christian Casey
513,Sylvia Barrera
514,Makai Benton
515,Anais Arroyo
516,Alberto Hall
517,Leah Reed
518,Easton Leal
519,Murphy Vaughan
520,Castiel Fleming
521,Fatima Torres
522,Jayden Woods
523,Reese Bradford
524,Ander Dunlap
525,Iliana Yates
526,Braylon Chang
527,Ophelia Huynh
528,Layton Perry
529,Clara Trejo
530,Wesson Cox
531,Sadie Randolph
532,Eugene Mills
533,June Orozco
534,Keanu Castro
535,Eloise Solomon
536,Musa Duffy
537,Addisyn Terrell
538,Jaxen Zhang
539,Sarai Quinn
540,Rhys Foster
541,Brielle Hogan
542,Sonny Pollard
543,Marisol Morrow
544,Kyree Lowery
545,Estelle Dalton
546,Fletcher Bowman
547,Fiona McCarty
548,Blaise Saunders
549,Meadow Johnson
550,Noah Fleming
551,Fatima Bradshaw
552,Emory Travis
553,Mazikee Joseph
554,Kyle Crawford
555,Aubree Townsend
556,Alexis Murillo
557,Mikaela Woodard
558,Westley Knapp
559,Linda Finley
560,Calum Rios
561,Brooke Armstrong
562,Grant Aguilar
563,Josie Guevara
564,Tommy Reeves
565,Lana Little
566,Lennox Bradshaw
567,Berkley Alfaro
568,Xzavier Ryan
569,Morgan Bradford
570,Ander Hayes
571,Iris Bautista
572,Raul Rice
573,Ada Garza
574,Judah Compton
575,Elina Duffy
576,Kyng Shah
577,Angelica Barajas
578,Brennan Campos
579,Sutton Delacruz
580,Memphis Benson
581,Collins Salinas
582,Edgar Huff
583,Karsyn Hancock
584,Rex Fisher
585,Arya Bradford
586,Ander Carter
587,Lucy Prince
588,Aron Lewis
589,Ellie Hudson
590,Peter Keller
591,Logan Farmer
592,Jamison Peterson
593,Caroline Liu
594,Pedro Crane
595,Della Lewis
596,Wyatt Moody
597,Elaine Gregory
598,Travis Villarreal
599,Jazlyn Herrera
600,River Ochoa
601,Luciana Delacruz
602,Memphis Day
603,Hayden Stone
604,Finn Collier
605,Ivory Gallegos
606,Jonas Farley
607,Wrenley Hicks
608,Maddox Guerra
609,Edith Meadows
610,Wayne Malone
611,Skyler Rivera
612,Charles Burnett
613,Emberly Gonzales
614,Brayden Todd
615,Zariah Mendez
616,Arthur Pineda
617,Nola Clements
618,Fisher Wallace
619,Arianna Norman
620,Aziel Norton
621,Kylee Shannon
622,Eliel Ford
623,Alexandra Steele
624,Elian Lu
625,Emani Pace
626,Dior Franco
627,Charleigh Mills
628,Alex Larson
629,Alayna Cantu
630,Anakin Franco
631,Charleigh Gates
632,Ermias Acevedo
633,Ashlynn Tyler
634,Emmitt Weeks
635,Karen Friedman
636,Darwin Baker
637,Isla Salinas
638,Edgar Sosa
639,Cassandra Monroe
640,Colby McConnell
641,Denise Anderson
642,Jacob Crawford
643,Aubree Dunn
644,Dawson Salazar
645,Freya Mayer
646,Yahir Simpson
647,Anastasia Cole
648,Nathaniel Soto
649,Brynlee Ingram
650,Tripp Sims
651,Lena Dunlap
652,Aries Luna
653,Journey O’Neill
654,Marcel Shaw
655,Emersyn Blevins
656,Avi Boyle
657,Aliya Brewer
658,Cruz Wilkinson
659,Siena Fry
660,Jacoby Rush
661,Maleah Glover
662,Mack Turner
663,Brooklyn Pacheco
664,Erik Dyer
665,Estrella Evans
666,Elias Arroyo
667,Kyra Wagner
668,Enzo Owens
669,Amaya Lang
670,Wells Young
671,Zoey Moreno
672,Myles Nava
673,Scout Higgins
674,Sterling Keller
675,Logan Fry
676,Jacoby Roach
677,Lyanna Salazar
678,Brody McIntyre
679,Rebekah Dorsey
680,Enoch Yu
681,Navy Felix
682,Rodney Correa
683,Valery Sosa
684,Emir Cuevas
685,Adele Snyder
686,Thiago Harper
687,Ana Maynard
688,Landry Miranda
689,Amina Meyers
690,Julien Orr
691,Alaiya Fisher
692,Gael Hayden
693,Avayah Kelly
694,Cooper Crawford
695,Aubree Rasmussen
696,Will Reeves
697,Lana Maddox
698,Lyric Stokes
699,Miranda Goodman
700,Philip Zimmerman
701,Ariyah Bryant
702,Jonah Henderson
703,Maria David
704,Alonso Powers
705,Michelle Bullock
706,Ben Kaur
707,Holland Gutierrez
708,Luca Zamora
709,Sierra O’Neill
710,Marcel Cano
711,Egypt Thornton
712,Malik Cruz
713,Claire Cobb
714,Raphael Travis
715,Mazikee McKenzie
716,Scott Velazquez
717,Jaliyah Carlson
718,Paul Jacobson
719,Royal Mathis
720,Gustavo Norton
721,Kylee Tucker
722,Ivan Miranda
723,Amina Patton
724,Moises Spears
725,Isabela Reese
726,Alijah Weeks
727,Karen Hensley
728,Layne Lyons
729,Kenzie Contreras
730,Emilio Dixon
731,Blakely Vega
732,Aidan Jennings
733,Palmer Dudley
734,Colter Koch
735,Milana Willis
736,Remington Cervantes
737,Aylin Wilkerson
738,Carmelo Davila
739,Rayne Duncan
740,Avery Shah
741,Angelica Mendoza
742,Dominic Ashley
743,Khalani Vang
744,Jimmy Lucas
745,Phoenix Medina
746,George Pham
747,Raelyn Hubbard
748,Forrest Gibbs
749,Carter West
750,Diego Nava
751,Scout Henderson
752,Beau Andrews
753,Payton Bowers
754,Dorian Clarke
755,Kaitlyn Walsh
756,Bodhi Snow
757,Alexia Bell
758,Emmett Abbott
759,Melany McKay
760,Joey Cole
761,Margaret McPherson
762,Foster Barnett
763,Harlow Peralta
764,Dangelo Waters
765,Bristol Thornton
766,Malik House
767,Sariah Shaw
768,Elliot Hensley
769,Malaya Mitchell
770,Jaxon Martinez
771,Harper Park
772,Daxton Travis
773,Mazikee Holland
774,Brady Conway
775,Ryann Correa
776,Zakai Flowers
777,Ariya Moore
778,Levi Lowery
779,Estelle Love
780,Jeffrey Rowland
781,Harleigh Cruz
782,Ryan Russo
783,Tinsley Conner
784,Phillip Shannon
785,Harlee Ibarra
786,Asa Adams
787,Stella Wade
788,Jake Magana
789,Amaris Bernal
790,Eithan Massey
791,Clementine Montgomery
792,Maximiliano Dejesus
793,Julissa Schroeder
794,Izaiah Hancock
795,Katelyn Hill
796,Isaac Ellis
797,Ayla Ward
798,Jameson Norman
799,Malani Hampton
800,Hank Hall
801,Leah Rubio
802,Titan English
803,Kelly Huber
804,Mac Ellison
805,Raina Chan
806,Frank Ortiz
807,Anna Beltran
808,Ricky Chambers
809,Makayla Pittman
810,Valentino Romero
811,Eliza Rios
812,Israel Acevedo
813,Ashlynn Herrera
814,River Buchanan
815,Maryam Galindo
816,Salvatore Estes
817,Brittany Hendricks
818,Dash Dennis
819,Maisie Krueger
820,Jones Foster
821,Brielle Olsen
822,Skyler Smith
823,Olivia Khan
824,Kendrick Knight
825,Gracie Lynch
826,Zane Keith
827,Elyse Adkins
828,Kylo Hopkins
829,Gabriela Page
830,Pablo Stone
831,Catalina Flowers
832,Saul Kemp
833,Anika Proctor
834,Vance Peterson
835,Caroline Anderson
836,Jacob Fox
837,Juliette Flores
838,Lincoln Fuller
839,Oakley Galindo
840,Salvatore Reyna
841,Luella Barton
842,Cassius Nguyen
843,Nova Rocha
844,Onyx Neal
845,Talia Charles
846,Conrad Callahan
847,Kimber Page
848,Pablo McConnell
849,Denise Huerta
850,Douglas Esparza
851,Ramona Medrano
852,Arian Clayton
853,Saige Ali
854,Arjun Owens
855,Amaya Bond
856,Roger Galindo
857,Corinne Levy
858,Harold Harrington
859,Legacy Sierra
860,Dayton Hicks
861,Alina Sims
862,Brian Perkins
863,Sage Delarosa
864,Osiris Aguilar
865,Josie Brooks
866,Jordan Sanchez
867,Aria Moyer
868,Ahmir Fox
869,Juliette Little
870,Lennox Cabrera
871,Daleyza Lee
872,Jack Vang
873,Madisyn Chase
874,Otis Berg
875,Emmalyn Dyer
876,Atreus Barrett
877,Kendall Sierra
878,Dayton Moses
879,Karter Carlson
880,Paul Garner
881,Jacqueline McClain
882,Mitchell Richmond
883,Whitney Dudley
884,Colter Guerra
885,Edith Heath
886,Lionel Horne
887,Marlowe Garrett
888,Kairo Gilmore
889,Chanel Hayden
890,Leroy Bender
891,Lilyana Nielsen
892,Tru Ramos
893,Alice Wood
894,Carson Sierra
895,Marceline Johnson
896,Noah Huang
897,Francesca Bishop
898,Paxton Nielsen
899,Vienna Tyler
900,Emmitt Bartlett
901,Aubrielle James
902,Jaxson Glover
903,Alessia Clayton
904,Boston Pierce
905,Arabella Medrano
906,Arian Terry
907,Wren Livingston
908,Ambrose Rush
909,Maleah Allison
910,Dennis Guzman
911,Ashley Savage
912,Keaton Durham
913,Tiffany Waters
914,Maximilian Sweeney
915,Yara Valenzuela
916,Jamari Spears
917,Isabela Conner
918,Phillip Howell
919,Mckenna Hudson
920,Peter Randolph
921,Kailey Ford
922,Luis Cunningham
923,Marley French
924,Corey Lynch
925,Malia Cochran
926,Danny Fields
927,Annie Maddox
928,Lyric Guerra
929,Edith Coleman
930,Micah McCormick
931,Macie Roman
932,Kian Potter
933,Rory Myers
934,Adam Guevara
935,Teresa Cunningham
936,Alejandro Escobar
937,Erin Cohen
938,Killian Dorsey
939,Addyson Galvan
940,Kingsley Reid
941,Charlee Haynes
942,Kason Bates
943,Madilyn Weaver
944,Tucker Aguilar
945,Josie Farrell
946,Ty Munoz
947,Kehlani Compton
948,Abner Cervantes
949,Aylin Madden
950,Everest Waller
951,Whitley Parks
952,Gianni Pittman
953,Marie Stone
954,Finn Murphy
955,Bella Hartman
956,Baker Beltran
957,Kaydence Portillo
958,Wallace Correa
959,Valery Nichols
960,Atlas French
961,Lorelai Ballard
962,Kenzo Clements
963,Cara Scott
964,Leo Hale
965,Brinley Vang
966,Jimmy Mason
967,Sienna Nielsen
968,Tru Lugo
969,Kaylie Freeman
970,Jayce Barr
971,Noemi Foley
972,Mohammad Sellers
973,Mercy Nava
974,Stefan Carey
975,Alora Arias
976,Alec Kennedy
977,Brianna Schaefer
978,Ishaan Rasmussen
979,Esperanza Santiago
980,Beckham Oliver
981,Camille Larsen
982,Brycen Huerta
983,Dulce Stokes
984,Santana Robertson
985,Harmony Mitchell
986,Jaxon Curtis
987,Alexis Romero
988,Bryson Ventura
989,Zora Durham
990,Kellen Landry
991,Brynleigh Holloway
992,Sutton Zavala
993,Liv Barry
994,Emery Felix
995,Paisleigh Carpenter
996,Jeremy Horn
997,Avah Baker
998,Ezra Diaz
999,Elena Hurst
1000,Neil Horn
